Customers,Depot,Instance,Beta,GA_Cost,MILP_Optimal,Gap_%,Runtime_s
10,Center,1,0.5,144.36,131.0,10.198473282442759,5.535384893417358
10,Center,2,0.5,167.34,160.0,4.587500000000002,5.544954299926758
10,Border,1,0.5,176.95,149.0,18.75838926174496,5.343820095062256
10,Border,2,0.5,187.95,178.0,5.589887640449432,5.358989953994751
10,Outside,1,0.5,226.14,192.0,17.781249999999993,5.076155185699463
10,Outside,2,0.5,224.34,212.0,5.820754716981134,5.400071144104004
